Workbook

Sheet Model
A1: Worker scheduling model
A3: Decision variables: number of employees starting their five-day shift on various days | B3: Workers
A4: Mon | B4: 6
A5: Tue | B5: 6
A6: Wed | B6: 0
A7: Thu | B7: 8
A8: Fri | B8: 0
A9: Sat | B9: 2
A10: Sun | B10: 1
A12: Result of decisions: number of employees working on various days (along top) who started their shift on various days (along side)
B13: Mon | C13: Tue | D13: Wed | E13: Thu | F13: Fri | G13: Sat | H13: Sun
A14: Mon | B14: =$B4 -> 6 | C14: =$B4 -> 6 | D14: =$B4 -> 6 | E14: =$B4 -> 6 | F14: =$B4 -> 6 | G14: 0 | H14: 0
A15: Tue | B15: 0 | C15: =$B5 -> 6 | D15: =$B5 -> 6 | E15: =$B5 -> 6 | F15: =$B5 -> 6 | G15: =$B5 -> 6 | H15: 0
A16: Wed | B16: 0 | C16: 0 | D16: =$B6 -> 0 | E16: =$B6 -> 0 | F16: =$B6 -> 0 | G16: =$B6 -> 0 | H16: =$B6 -> 0
A17: Thu | B17: =$B7 -> 8 | C17: 0 | D17: 0 | E17: =$B7 -> 8 | F17: =$B7 -> 8 | G17: =$B7 -> 8 | H17: =$B7 -> 8
A18: Fri | B18: =$B8 -> 0 | C18: =$B8 -> 0 | D18: 0 | E18: 0 | F18: =$B8 -> 0 | G18: =$B8 -> 0 | H18: =$B8 -> 0
A19: Sat | B19: =$B9 -> 2 | C19: =$B9 -> 2 | D19: =$B9 -> 2 | E19: 0 | F19: 0 | G19: =$B9 -> 2 | H19: =$B9 -> 2
A20: Sun | B20: =$B10 -> 1 | C20: =$B10 -> 1 | D20: =$B10 -> 1 | E20: =$B10 -> 1 | F20: 0 | G20: 0 | H20: =$B10 -> 1
A22: Constraint on worker availabilities
A23: Employees available | B23: =SUM(B14:B20) -> 17 | C23: =SUM(C14:C20) -> 15 | D23: =SUM(D14:D20) -> 15 | E23: =SUM(E14:E20) -> 21 | F23: =SUM(F14:F20) -> 20 | G23: =SUM(G14:G20) -> 16 | H23: =SUM(H14:H20) -> 11
A25: Employees required | B25: 17 | C25: 13 | D25: 15 | E25: 19 | F25: 14 | G25: 16 | H25: 11
A27: Objective to minimize
A28: Total employees | B28: =SUM(B4:B10) -> 23
A30: Payroll parameters
A31: Hourly wage – weekday (Mon–Fri) | B31: 10
A32: Hourly wage – weekend (Sat–Sun) | B32: 15
A33: Hours worked per day | B33: 8
A35: Weekly cost per worker by starting day | B35: Mon | C35: Tue | D35: Wed | E35: Thu | F35: Fri | G35: Sat | H35: Sun
A36: Weekday days in shift | B36: 5 | C36: 4 | D36: 3 | E36: 3 | F36: 3 | G36: 3 | H36: 4
A37: Weekend days in shift | B37: 0 | C37: 1 | D37: 2 | E37: 2 | F37: 2 | G37: 2 | H37: 1
A38: Cost per worker ($/week) | B38: =$B$33*(B36*$B$31 + B37*$B$32) -> 400 | C38: =$B$33*(C36*$B$31 + C37*$B$32) -> 440 | D38: =$B$33*(D36*$B$31 + D37*$B$32) -> 480 | E38: =$B$33*(E36*$B$31 + E37*$B$32) -> 480 | F38: =$B$33*(F36*$B$31 + F37*$B$32) -> 480 | G38: =$B$33*(G36*$B$31 + G37*$B$32) -> 480 | H38: =$B$33*(H36*$B$31 + H37*$B$32) -> 440
A40: Minimize Z = weekly payroll | B40: {=SUMPRODUCT(B38:H38,TRANSPOSE(B4:B10))} -> 10280

Sheet Part 1. Worker scheduling 
A1: Worker scheduling model
A3: PART 1 — WAGE STRUCTURE & COST PER STARTING DAY
A4: Workers earn $10/hr on weekdays (Mon–Fri) and $15/hr on weekends (Sat–Sun), 8 hrs/day for 5 consecutive days. Weekend days cost more, so the weekly wage bill depends on which day the shift starts.
A6: Starting Day | B6: Days Worked | C6: Weekday Days | D6: Weekend Days | E6: Weekly Cost / Worker
A7: Monday (x₁) | B7: Mon – Fri | C7: 5 | D7: 0 | E7: =C7*8*Model!$B$31+D7*8*Model!$B$32 -> 400
A8: Tuesday (x₂) | B8: Tue – Sat | C8: 4 | D8: 1 | E8: =C8*8*Model!$B$31+D8*8*Model!$B$32 -> 440
A9: Wednesday (x₃) | B9: Wed – Sun | C9: 3 | D9: 2 | E9: =C9*8*Model!$B$31+D9*8*Model!$B$32 -> 480
A10: Thursday (x₄) | B10: Thu – Mon | C10: 3 | D10: 2 | E10: =C10*8*Model!$B$31+D10*8*Model!$B$32 -> 480
A11: Friday (x₅) | B11: Fri – Tue | C11: 3 | D11: 2 | E11: =C11*8*Model!$B$31+D11*8*Model!$B$32 -> 480
A12: Saturday (x₆) | B12: Sat – Wed | C12: 3 | D12: 2 | E12: =C12*8*Model!$B$31+D12*8*Model!$B$32 -> 480
A13: Sunday (x₇) | B13: Sun – Thu | C13: 4 | D13: 1 | E13: =C13*8*Model!$B$31+D13*8*Model!$B$32 -> 440
A15: PART 2 — OBJECTIVE FUNCTION
A16: Multiply each starting-day cost by the workers hired on that day and sum across all 7 days:
A18: Minimize Z = 400x₁ + 440x₂ + 480x₃ + 480x₄ + 480x₅ + 480x₆ + 440x₇
A20: PART 3 — MODEL PARAMETERS
A21: Weekday hourly wage (Mon–Fri) | B21: =Model!B31 -> 10
A22: Weekend hourly wage (Sat–Sun) | B22: =Model!B32 -> 15
A23: Hours worked per day | B23: =Model!B33 -> 8
A24: Daily cost per employee — weekday | B24: =Model!B31*Model!B33 -> 80
A25: Daily cost per employee — weekend | B25: =Model!B32*Model!B33 -> 120

Sheet Part 2. Worker scheduling 
A1: Workers Scheduling
A3: SOLVER CONFIGURATION
A4: Setting | B4: Value
A5: Set Objective | B5: Model!$B$40 (Minimize Z = weekly payroll)
A6: Changing Variable Cells | B6: Model!$B$4:$B$10 (workers starting each day)
A7: Constraint 1 | B7: Model!$B$23:$H$23 ≥ Model!$B$25:$H$25 (daily coverage)
A8: Constraint 2 | B8: Model!$B$4:$B$10 = integer (whole employees only)
A9: Constraint 3 | B9: Model!$B$4:$B$10 ≥ 0 (non-negativity)
A10: Solving Method | B10: Simplex LP | Integer Optimality = 0%
A12: OPTIMAL SOLUTION
A13: Variable | B13: Starting Day | C13: Workers Hired | D13: Cost / Worker / Week | E13: Subtotal Cost
A14: x₁ | B14: Monday | C14: =Model!B4 -> 6 | D14: ='Part 1. Worker scheduling '!E7 -> 400 | E14: =C14*D14 -> 2400
A15: x₂ | B15: Tuesday | C15: =Model!B5 -> 6 | D15: ='Part 1. Worker scheduling '!E8 -> 440 | E15: =C15*D15 -> 2640
A16: x₃ | B16: Wednesday | C16: =Model!B6 -> 0 | D16: ='Part 1. Worker scheduling '!E9 -> 480 | E16: =C16*D16 -> 0
A17: x₄ | B17: Thursday | C17: =Model!B7 -> 8 | D17: ='Part 1. Worker scheduling '!E10 -> 480 | E17: =C17*D17 -> 3840
A18: x₅ | B18: Friday | C18: =Model!B8 -> 0 | D18: ='Part 1. Worker scheduling '!E11 -> 480 | E18: =C18*D18 -> 0
A19: x₆ | B19: Saturday | C19: =Model!B9 -> 2 | D19: ='Part 1. Worker scheduling '!E12 -> 480 | E19: =C19*D19 -> 960
A20: x₇ | B20: Sunday | C20: =Model!B10 -> 1 | D20: ='Part 1. Worker scheduling '!E13 -> 440 | E20: =C20*D20 -> 440
A21: TOTAL | B21: All Days | C21: =SUM(C14:C20) -> 23 | D21: — | E21: =SUM(E14:E20) -> 10280
A23: COVERAGE CONSTRAINT VERIFICATION
A24: Day | B24: Available | C24: Required | D24: Slack | E24: Satisfied?
A25: Monday | B25: =Model!B23 -> 17 | C25: =Model!B25 -> 17 | D25: =B25-C25 -> 0 | E25: =IF(B25>=C25,"Yes ✓","No ✗") -> Yes ✓
A26: Tuesday | B26: =Model!C23 -> 15 | C26: =Model!C25 -> 13 | D26: =B26-C26 -> 2 | E26: =IF(B26>=C26,"Yes ✓","No ✗") -> Yes ✓
A27: Wednesday | B27: =Model!D23 -> 15 | C27: =Model!D25 -> 15 | D27: =B27-C27 -> 0 | E27: =IF(B27>=C27,"Yes ✓","No ✗") -> Yes ✓
A28: Thursday | B28: =Model!E23 -> 21 | C28: =Model!E25 -> 19 | D28: =B28-C28 -> 2 | E28: =IF(B28>=C28,"Yes ✓","No ✗") -> Yes ✓
A29: Friday | B29: =Model!F23 -> 20 | C29: =Model!F25 -> 14 | D29: =B29-C29 -> 6 | E29: =IF(B29>=C29,"Yes ✓","No ✗") -> Yes ✓
A30: Saturday | B30: =Model!G23 -> 16 | C30: =Model!G25 -> 16 | D30: =B30-C30 -> 0 | E30: =IF(B30>=C30,"Yes ✓","No ✗") -> Yes ✓
A31: Sunday | B31: =Model!H23 -> 11 | C31: =Model!H25 -> 11 | D31: =B31-C31 -> 0 | E31: =IF(B31>=C31,"Yes ✓","No ✗") -> Yes ✓
A33: All constraints satisfied? | B33: =IF(COUNTIF(E25:E31,"No ✗")=0,"YES ✓ — All 7 days covered","NO ✗ — Violations exist") -> YES ✓ — All 7 days covered
A35: OPTIMAL WEEKLY PAYROLL | B35: =Model!B40 -> 10280

Sheet Part 3 - Comparison
A1: Q3 — Is the Previous Optimal Solution Still Optimal?
A3: BACKGROUND
A4: Original problem objective: minimize total employees hired → Textbook optimal = 23 workers (Mon=2, Tue=3, Wed=3, Thu=7, Fri=0, Sat=4, Sun=4)
A5: Modified problem objective: minimize weekly payroll cost at $10/hr weekdays, $15/hr weekends, 8 hrs/day.
A6: Question: does the same 23-worker schedule remain optimal under the new payroll objective?
A8: PART 1 — SIDE-BY-SIDE SOLUTION COMPARISON
A9: Variable | B9: Textbook Solution | C9: Our Solver Solution | D9: Cost / Worker | E9: Textbook Subtotal | F9: Our Subtotal
A10: x₁ — Monday | B10: 2 | C10: =Model!B4 -> 6 | D10: ='Part 1. Worker scheduling '!E7 -> 400 | E10: =B10*D10 -> 800 | F10: =C10*D10 -> 2400
A11: x₂ — Tuesday | B11: 3 | C11: =Model!B5 -> 6 | D11: ='Part 1. Worker scheduling '!E8 -> 440 | E11: =B11*D11 -> 1320 | F11: =C11*D11 -> 2640
A12: x₃ — Wednesday | B12: 3 | C12: =Model!B6 -> 0 | D12: ='Part 1. Worker scheduling '!E9 -> 480 | E12: =B12*D12 -> 1440 | F12: =C12*D12 -> 0
A13: x₄ — Thursday | B13: 7 | C13: =Model!B7 -> 8 | D13: ='Part 1. Worker scheduling '!E10 -> 480 | E13: =B13*D13 -> 3360 | F13: =C13*D13 -> 3840
A14: x₅ — Friday | B14: 0 | C14: =Model!B8 -> 0 | D14: ='Part 1. Worker scheduling '!E11 -> 480 | E14: =B14*D14 -> 0 | F14: =C14*D14 -> 0
A15: x₆ — Saturday | B15: 4 | C15: =Model!B9 -> 2 | D15: ='Part 1. Worker scheduling '!E12 -> 480 | E15: =B15*D15 -> 1920 | F15: =C15*D15 -> 960
A16: x₇ — Sunday | B16: 4 | C16: =Model!B10 -> 1 | D16: ='Part 1. Worker scheduling '!E13 -> 440 | E16: =B16*D16 -> 1760 | F16: =C16*D16 -> 440
A17: TOTAL WORKERS | B17: =SUM(B10:B16) -> 23 | C17: =SUM(C10:C16) -> 23 | D17: TOTAL PAYROLL | E17: =SUM(E10:E16) -> 10600 | F17: =SUM(F10:F16) -> 10280
A19: PART 2 — ANSWER
A20: Is the textbook’s solution still optimal under the new payroll objective? | B20: =IF(E17<=F17,"YES — Still optimal","NO — Not optimal") -> NO — Not optimal
A21: Textbook weekly payroll: | B21: =E17 -> 10600
A22: Our Solver weekly payroll: | B22: =F17 -> 10280
A23: Savings vs. textbook: | B23: =E17-F17 -> 320
A25: PART 3 — EXPLANATION
A26: Both solutions hire exactly 23 workers, so they are tied on the original objective (minimize headcount).
A27: Under the new payroll objective, the starting day matters because of differential weekend wages:
A28: • Mon starters ($400/wk) — cheapest: 5 weekday days, 0 weekend days.
A29: • Tue & Sun starters ($440/wk) — 4 weekday + 1 weekend day.
A30: • Wed / Thu / Fri / Sat starters ($480/wk) — most expensive: 3 weekday + 2 weekend days.
A31: The textbook puts 4 workers on Sat-start + 4 on Sun-start = 8 workers in the $480–$440 cost band.
A32: Our Solver solution avoids expensive Sat/Wed/Sun starts, favouring cheaper Mon/Tue shifts instead.
A34: CONCLUSION
A35: The previous optimal solution is NOT optimal for the modified problem. While both schedules employ 23 workers, the new Solver solution reduces weekly payroll by $320 — from $10,600 to $10,280 — by strategically assigning more workers to cheaper weekday-heavy starting days.
