Workbook

Sheet Problem 3 Data
A1: Person | B1: Age | C1: Gender | D1: State | E1: Children | F1: Salary | G1: Opinion | H1: Gender Recoded | I1: Children Recoded | J1: Salary Recoded | K1: Opinion Recoded
A2: 1 | B2: Middle-aged | C2: 2 | D2: Texas | E2: 2 | F2: 63017 | G2: Strongly agree | H2: =IF(C2=1, "Male", "Female") | I2: =IF(E2=0, "No children", "At least one child") | J2: =IF(F2<40000, "Less than 40K", IF(F2<=70000, "Between 40K and 70K", IF(F2<=100000, "Between 70K and 100K", "Greater than 100K"))) | K2: =IF(G2="Strongly disagree", 1, IF(G2="Disagree", 2, IF(G2="Neutral", 3, IF(G2="Agree", 4, IF(G2="Strongly agree", 5, 0)))))
A3: 2 | B3: Middle-aged | C3: 2 | D3: Virginia | E3: 3 | F3: 100302 | G3: Strongly disagree | H3: =IF(C3=1, "Male", "Female") | I3: =IF(E3=0, "No children", "At least one child") | J3: =IF(F3<40000, "Less than 40K", IF(F3<=70000, "Between 40K and 70K", IF(F3<=100000, "Between 70K and 100K", "Greater than 100K"))) | K3: =IF(G3="Strongly disagree", 1, IF(G3="Disagree", 2, IF(G3="Neutral", 3, IF(G3="Agree", 4, IF(G3="Strongly agree", 5, 0)))))
A4: 3 | B4: Middle-aged | C4: 2 | D4: California | E4: 0 | F4: 144043 | G4: Strongly agree | H4: =IF(C4=1, "Male", "Female") | I4: =IF(E4=0, "No children", "At least one child") | J4: =IF(F4<40000, "Less than 40K", IF(F4<=70000, "Between 40K and 70K", IF(F4<=100000, "Between 70K and 100K", "Greater than 100K"))) | K4: =IF(G4="Strongly disagree", 1, IF(G4="Disagree", 2, IF(G4="Neutral", 3, IF(G4="Agree", 4, IF(G4="Strongly agree", 5, 0)))))
A5: 4 | B5: Young | C5: 2 | D5: California | E5: 0 | F5: 36025 | G5: Agree | H5: =IF(C5=1, "Male", "Female") | I5: =IF(E5=0, "No children", "At least one child") | J5: =IF(F5<40000, "Less than 40K", IF(F5<=70000, "Between 40K and 70K", IF(F5<=100000, "Between 70K and 100K", "Greater than 100K"))) | K5: =IF(G5="Strongly disagree", 1, IF(G5="Disagree", 2, IF(G5="Neutral", 3, IF(G5="Agree", 4, IF(G5="Strongly agree", 5, 0)))))
A6: 5 | B6: Middle-aged | C6: 1 | D6: Texas | E6: 0 | F6: 97543 | G6: Neutral | H6: =IF(C6=1, "Male", "Female") | I6: =IF(E6=0, "No children", "At least one child") | J6: =IF(F6<40000, "Less than 40K", IF(F6<=70000, "Between 40K and 70K", IF(F6<=100000, "Between 70K and 100K", "Greater than 100K"))) | K6: =IF(G6="Strongly disagree", 1, IF(G6="Disagree", 2, IF(G6="Neutral", 3, IF(G6="Agree", 4, IF(G6="Strongly agree", 5, 0)))))
A7: 6 | B7: Middle-aged | C7: 1 | D7: California | E7: 3 | F7: 69222 | G7: Disagree | H7: =IF(C7=1, "Male", "Female") | I7: =IF(E7=0, "No children", "At least one child") | J7: =IF(F7<40000, "Less than 40K", IF(F7<=70000, "Between 40K and 70K", IF(F7<=100000, "Between 70K and 100K", "Greater than 100K"))) | K7: =IF(G7="Strongly disagree", 1, IF(G7="Disagree", 2, IF(G7="Neutral", 3, IF(G7="Agree", 4, IF(G7="Strongly agree", 5, 0)))))
A8: 7 | B8: Middle-aged | C8: 2 | D8: Michigan | E8: 2 | F8: 81799 | G8: Disagree | H8: =IF(C8=1, "Male", "Female") | I8: =IF(E8=0, "No children", "At least one child") | J8: =IF(F8<40000, "Less than 40K", IF(F8<=70000, "Between 40K and 70K", IF(F8<=100000, "Between 70K and 100K", "Greater than 100K"))) | K8: =IF(G8="Strongly disagree", 1, IF(G8="Disagree", 2, IF(G8="Neutral", 3, IF(G8="Agree", 4, IF(G8="Strongly agree", 5, 0)))))
A9: 8 | B9: Middle-aged | C9: 2 | D9: Texas | E9: 1 | F9: 101894 | G9: Agree | H9: =IF(C9=1, "Male", "Female") | I9: =IF(E9=0, "No children", "At least one child") | J9: =IF(F9<40000, "Less than 40K", IF(F9<=70000, "Between 40K and 70K", IF(F9<=100000, "Between 70K and 100K", "Greater than 100K"))) | K9: =IF(G9="Strongly disagree", 1, IF(G9="Disagree", 2, IF(G9="Neutral", 3, IF(G9="Agree", 4, IF(G9="Strongly agree", 5, 0)))))
A10: 9 | B10: Middle-aged | C10: 1 | D10: Virginia | E10: 0 | F10: 83843 | G10: Strongly disagree | H10: =IF(C10=1, "Male", "Female") | I10: =IF(E10=0, "No children", "At least one child") | J10: =IF(F10<40000, "Less than 40K", IF(F10<=70000, "Between 40K and 70K", IF(F10<=100000, "Between 70K and 100K", "Greater than 100K"))) | K10: =IF(G10="Strongly disagree", 1, IF(G10="Disagree", 2, IF(G10="Neutral", 3, IF(G10="Agree", 4, IF(G10="Strongly agree", 5, 0)))))
A11: 10 | B11: Middle-aged | C11: 1 | D11: Illinois | E11: 3 | F11: 87457 | G11: Agree | H11: =IF(C11=1, "Male", "Female") | I11: =IF(E11=0, "No children", "At least one child") | J11: =IF(F11<40000, "Less than 40K", IF(F11<=70000, "Between 40K and 70K", IF(F11<=100000, "Between 70K and 100K", "Greater than 100K"))) | K11: =IF(G11="Strongly disagree", 1, IF(G11="Disagree", 2, IF(G11="Neutral", 3, IF(G11="Agree", 4, IF(G11="Strongly agree", 5, 0)))))
A12: 11 | B12: Elderly | C12: 2 | D12: Arizona | E12: 0 | F12: 48966 | G12: Disagree | H12: =IF(C12=1, "Male", "Female") | I12: =IF(E12=0, "No children", "At least one child") | J12: =IF(F12<40000, "Less than 40K", IF(F12<=70000, "Between 40K and 70K", IF(F12<=100000, "Between 70K and 100K", "Greater than 100K"))) | K12: =IF(G12="Strongly disagree", 1, IF(G12="Disagree", 2, IF(G12="Neutral", 3, IF(G12="Agree", 4, IF(G12="Strongly agree", 5, 0)))))
A13: 12 | B13: Middle-aged | C13: 2 | D13: Arizona | E13: 1 | F13: 88855 | G13: Disagree | H13: =IF(C13=1, "Male", "Female") | I13: =IF(E13=0, "No children", "At least one child") | J13: =IF(F13<40000, "Less than 40K", IF(F13<=70000, "Between 40K and 70K", IF(F13<=100000, "Between 70K and 100K", "Greater than 100K"))) | K13: =IF(G13="Strongly disagree", 1, IF(G13="Disagree", 2, IF(G13="Neutral", 3, IF(G13="Agree", 4, IF(G13="Strongly agree", 5, 0)))))
... A400: 399 | B400: Middle-aged | C400: 2 | D400: Illinois | E400: 2 | F400: 76933 | G400: Strongly agree | H400: =IF(C400=1, "Male", "Female") | I400: =IF(E400=0, "No children", "At least one child") | J400: =IF(F400<40000, "Less than 40K", IF(F400<=70000, "Between 40K and 70K", IF(F400<=100000, "Between 70K and 100K", "Greater than 100K"))) | K400: =IF(G400="Strongly disagree", 1, IF(G400="Disagree", 2, IF(G400="Neutral", 3, IF(G400="Agree", 4, IF(G400="Strongly agree", 5, 0)))))

Sheet Problem 3 Answers
A1: Problem 3
A3: a)
A4: Name categorical variables | B4: Age, Gender, State, Opinion
A5: Name nominal: | B5: Gender, State
A6: Name ordinal: | B6: Age, Opinion
A9: b)
A10: Column Chart
A12: Age Group | B12: Frequency
A13: Young | B13: =COUNTIF('Problem 3 Data'!B:B, A13)
A14: Middle-aged | B14: =COUNTIF('Problem 3 Data'!B:B, A14)
A15: Elderly | B15: =COUNTIF('Problem 3 Data'!B:B, A15)
A16: Total | B16: =SUM(B13:B15)
A18: The distribution shows that the majority of individuals in this dataset are categorized as Middle-aged (218), followed by Elderly (94) and Young (87).
A30: c) Recoding Summary
A32: Gender | B32: The gender variable was recoded from numerical codes (1 and 2) to 'Male' and 'Female' to transform the raw identifier into meaningful, human-readable nominal categories. This makes the data immediately interpretable in future pivot tables or charts.
A34: Gender | B34: Count
A35: Female | B35: =COUNTIF('Problem 3 Data'!H:H, A35)
A36: Male | B36: =COUNTIF('Problem 3 Data'!H:H, A36)
A39: Children | B39: The number of children was recoded into two categories: 'No children' (for 0) and 'At least one child' (for values 1 or greater). This converts a discrete quantitative variable into a binary nominal variable, which is highly useful in marketing analytics to isolate the spending habits of parents vs. non-parents.
A41: Children Category | B41: Count
A42: At least one child | B42: =COUNTIF('Problem 3 Data'!I:I, A42)
A43: No children | B43: =COUNTIF('Problem 3 Data'!I:I, A43)
A46: Salary | B46: Salary values were grouped into four distinct categories (bins) using $30K intervals. This transforms a continuous quantitative variable into an ordinal categorical variable. Creating these structured income brackets allows us to easily segment customers into Low, Lower-Middle, Upper-Middle, and High-income tiers for demographic analysis.
A48: Salary Category | B48: Count
A49: Less than 40K | B49: =COUNTIF('Problem 3 Data'!J:J, A49)
A50: Between 40K and 70K | B50: =COUNTIF('Problem 3 Data'!J:J, A50)
A51: Between 70K and 100K | B51: =COUNTIF('Problem 3 Data'!J:J, A51)
A52: Greater than 100K | B52: =COUNTIF('Problem 3 Data'!J:J, A52)
A54: Opinion | B54: The opinion responses were converted from text labels to numerical codes ranging from 1 to 5. This translates the qualitative Likert scale into ordinal numeric data, which is mathematically necessary if we want to calculate an 'average opinion' or run regression models on customer satisfaction.
A56: Opinion Code | B56: Count
A57: 1 (Strongly disagree) | B57: =COUNTIF('Problem 3 Data'!K:K, 1)
A58: 2 (Disagree) | B58: =COUNTIF('Problem 3 Data'!K:K, 2)
A59: 3 (Neutral) | B59: =COUNTIF('Problem 3 Data'!K:K, 3)
A60: 4 (Agree) | B60: =COUNTIF('Problem 3 Data'!K:K, 4)
A61: 5 (Strongly agree) | B61: =COUNTIF('Problem 3 Data'!K:K, 5)
A64: Salary Category Distribution | B64: The following chart displays the distribution of individuals across the newly defined salary categories.

Sheet Problem 6 Data
A1: Metropolitan_Area | B1: Commute Time
A2: Abilene, TX | B2: 37.57
A3: Akron, OH | B3: 49.38
A4: Albany, GA | B4: 44.52
A5: Albany-Schenectady-Troy, NY | B5: 48.37
A6: Albuquerque, NM | B6: 48.85
A7: Alexandria, LA | B7: 54.63
A8: Allentown-Bethlehem-Easton, PA | B8: 53.55
A9: Altoona, PA | B9: 43.37
A10: Amarillo, TX | B10: 39.68
A11: Ames, IA | B11: 35.966667
A12: Anchorage, AK | B12: 47.98
A13: Anderson, IN | B13: 49.916667
... A380: Yuma, AZ | B380: 40.233333
